url,caption
https://i.ytimg.com/vi/oTNI4kt_QZo/hqdefault.jpg,Zyder vs Pavelski - Losers Quarter-Final - SteelSeries Invitational 2022 - EU 1v1
https://i.ytimg.com/vi/tCbjW_bOvAo/hqdefault.jpg,Java vs Luna - Losers Quarter-Final - SteelSeries Invitational 2022 - NA 1v1
https://i.ytimg.com/vi/A0e2T9dEGvg/hqdefault.jpg,Swata vs Simple - Losers Quarter-Final - SteelSeries Invitational 2022 - EU 1v1
https://i.ytimg.com/vi/LAl6TZiN4YM/hqdefault.jpg,Bloomhalla 2022: Event Trailer
https://i.ytimg.com/vi/SupvwTwODpU/hqdefault.jpg,Snowy vs Santy - Top 8 - SteelSeries Invitational 2022 - NA 1v1
https://i.ytimg.com/vi/13XFFbJxSUY/hqdefault.jpg,? | Billionaire City | Fantasma | GTAV RP
https://i.ytimg.com/vi/Z7IBj_y7fi4/hqdefault.jpg,Hi | Billionaire City | Fantasma | GTAV RP
https://i.ytimg.com/vi/__hufxckC-8/hqdefault.jpg,BETA | Billionaire City | Fantasma | GTAV RP
https://i.ytimg.com/vi/u2c-54eayT4/hqdefault.jpg,SOBRANG TOTOO | Billionaire City | Relapse | GTAV RP
https://i.ytimg.com/vi/7ViITFAf3pQ/hqdefault.jpg,BARILL!!! | Billionaire City | Fantasma | GTAV RP
https://i.ytimg.com/vi/RSs1d3ffu1k/hqdefault.jpg,Supercharge your Vision AI Business with NVIDIA Metropolis
https://i.ytimg.com/vi/eFgsOeHMAW4/hqdefault.jpg,Getting Started with the NVIDIA Jetson AGX Orin Developer Kit
https://i.ytimg.com/vi/ycNk1nj0KsQ/hqdefault.jpg,Creating Dynamic Lighting Solutions for Unreal Engine 5
https://i.ytimg.com/vi/49rBP1DoOwo/hqdefault.jpg,Shaping the Future of Graphics Through Ray Tracing in Unreal Engine 5
https://i.ytimg.com/vi/Xk15X9ab7iw/hqdefault.jpg,Maximizing Frame Rates and Image Quality Through AI in Unreal Engine 5
https://i.ytimg.com/vi/weh-kDjk5pA/hqdefault.jpg,PUBG LITE LIVE STREAM || Solo Vs Squad Gameplay || CUSTOM ROOM   #pubglitelivestream #bgmilite
https://i.ytimg.com/vi/-rO0c00Nz0w/hqdefault.jpg,üíûASSAULTING‚ù£Ô∏è PUBG LITE MONTAGE üòç GODMODE ON ASSAULTING #pubgmobilelite #pubgmobilemontage #bgmilite
https://i.ytimg.com/vi/rKMdVFXfQEw/hqdefault.jpg,PUBG LITE LIVE STREAM || Solo Vs Squad Gameplay || CUSTOM ROOM   #pubglitelivestream #bgmilite
https://i.ytimg.com/vi/V6fpYLztguE/hqdefault.jpg,PUBG LITE LIVE STREAM || Solo Vs Squad Gameplay || CUSTOM ROOM   #pubglitelive #godpraveenyt
https://i.ytimg.com/vi/BMp83-tSbM0/hqdefault.jpg,PUBG LITE LIVE STREAM || Solo Vs Squad Gameplay || CUSTOM ROOM   #pubglitelive #godpraveenyt
https://i.ytimg.com/vi/HANweDkLXrk/hqdefault.jpg,Riders Republic | Season 2: Showdown | Stadia
https://i.ytimg.com/vi/bxGClKGQYR8/hqdefault.jpg,Rainbow Six Siege | Rengoku Event Trailer | Stadia
https://i.ytimg.com/vi/Vzt2kT13CvU/hqdefault.jpg,Nine to Five | Rogue Shift Event | Stadia
https://i.ytimg.com/vi/meJaFdUy-Jc/hqdefault.jpg,Rainbow Six Siege | Emerald Plains Map | Stadia
https://i.ytimg.com/vi/WALn4XXpDl8/hqdefault.jpg,The Elder Scrolls Online | High Isle Chapter Preview | Stadia
https://i.ytimg.com/vi/COUT-kKzwaI/hqdefault.jpg,Capcom Fighting Collection - Pre-Order Trailer
https://i.ytimg.com/vi/MHjEkpKlOiE/hqdefault.jpg,Street Fighter V - March 2022 Update Trailer
https://i.ytimg.com/vi/M7-W-UNh5-M/hqdefault.jpg,Exoprimal ‚Äì Developer Overview
https://i.ytimg.com/vi/PXmsffSibbg/hqdefault.jpg,Exoprimal ‚Äì Reveal Trailer
https://i.ytimg.com/vi/cvvhOQxwbCY/hqdefault.jpg,Monster Hunter Rise - The Hunt Continues
https://i.ytimg.com/vi/4NyF3M25G0k/hqdefault.jpg,Giannis 33 Pts Closes Out Bulls Game 5! 2022 NBA Playoffs Bulls vs Bucks
https://i.ytimg.com/vi/riUfPMy7IAE/hqdefault.jpg,Curry 30 Pts! Warriors Go Small Eliminate Nuggets Game 5! 2022 NBA Playoffs Nuggets vs Warriors
https://i.ytimg.com/vi/Q86_V4SSDao/hqdefault.jpg,NBA 2K22 My Career PS5 - Logo 3 Spin Ankles! QFG4 EP 74
https://i.ytimg.com/vi/5ztwHdS8zJc/hqdefault.jpg,Mikal Bridges 31 Pts Game 5! CP3 22 Pts 11 Asts! 2022 NBA Playoffs Pelicans vs Suns
https://i.ytimg.com/vi/Uw93pySmyBY/hqdefault.jpg,Heat Eliminate Hawks! Trae Young Terrible Series! 2022 NBA Playoffs Hawks vs Heat Game 5
https://i.ytimg.com/vi/pwsu5pHZHMg/hqdefault.jpg,Who Popped Off on Rebirth Island?! üëÄ | Top 5 Plays Resurgence: Rebirth Island
https://i.ytimg.com/vi/EoYMHU_HHvY/hqdefault.jpg,Learn CDL Vocabulary with Envoy and Simp üë®‚Äçüè´üìù
https://i.ytimg.com/vi/DjAWYjGowQI/hqdefault.jpg,"""We Call This S*** House"" üèúÔ∏è | Pro Callouts: Desert Siege"
https://i.ytimg.com/vi/oyug-aslSiw/hqdefault.jpg,Call of Duty League Resurgence: Rebirth Island | Finals
https://i.ytimg.com/vi/uIXC4yTsR5A/hqdefault.jpg,Call of Duty League Resurgence: Rebirth Island | Main Stage
https://i.ytimg.com/vi/izb8ZqRxpD8/hqdefault.jpg,[SHORTS] R u ready to explore Texas' coastline cities? üèôüöõüá®üá± #games #ats #steam #simulator #pcgame
https://i.ytimg.com/vi/W11kFuYWopA/hqdefault.jpg,Freightliner¬Æ Cascadia MY2022 Interior Update
https://i.ytimg.com/vi/5uvwfskYwl0/hqdefault.jpg,Euro Truck Simulator 2: New 2022 Video Trailer
https://i.ytimg.com/vi/5WGvCioaqGs/hqdefault.jpg,[SHORTS] Freightliner Cascadia is about to get new interior options!üòçüôå #games #ats #steam #simulator
https://i.ytimg.com/vi/Dnq83Z3SrOk/hqdefault.jpg,[SHORTS] Montana DLC is going to have some of the locations we all know from 18WoS:ET2! üöõüí™#ats #game
https://i.ytimg.com/vi/pShMADhblho/hqdefault.jpg,Creating a Strong Stage 2 Pok√©mon Deck ‚úåÔ∏è Top Deck Academy | Pok√©mon TCG
https://i.ytimg.com/vi/tKNoXJcsRMg/hqdefault.jpg,"Time to Catch a Pikachu, Goh! |  Pok√©mon Journeys: The Series | Official Clip"
https://i.ytimg.com/vi/KaVpD6qY0C0/hqdefault.jpg,Championship Sunday | 2022 Pok√©mon Europe International Championships
https://i.ytimg.com/vi/pGMFKZooeT4/hqdefault.jpg,TCG Day 2 | 2022 Pok√©mon Europe International Championships
https://i.ytimg.com/vi/CY2VwyqT9kI/hqdefault.jpg,VG Day 2 | 2022 Pok√©mon Europe International Championships
https://i.ytimg.com/vi/xJ-UFm-6Qzg/hqdefault.jpg,Wargaming at Gamescom - Rocking the stage!
https://i.ytimg.com/vi/lW72_InWps0/hqdefault.jpg,Wargaming at Gamescom - 9 years of craziness!
https://i.ytimg.com/vi/xvPXuMMI8yg/hqdefault.jpg,Steel Division II
https://i.ytimg.com/vi/FMFZWvdneDk/hqdefault.jpg,Live from WGFest: Tanker Day!
https://i.ytimg.com/vi/ZbrqJy-pD9E/hqdefault.jpg,Horten Ho 229: The Unstoppable
https://i.ytimg.com/vi/wTQJGL69vMg/hqdefault.jpg,Medieval Games On PC 2022
https://i.ytimg.com/vi/yCRxrGlAtqQ/hqdefault.jpg,A Logitech G Battlestation that Helps with Meditation #Shorts
https://i.ytimg.com/vi/NbFotBAkf34/hqdefault.jpg,Best Racing Games With TRUEFORCE To Play In 2022
https://i.ytimg.com/vi/WBvngr_9TpE/hqdefault.jpg,Love at First Shift #Shorts
https://i.ytimg.com/vi/ZhIwwzuNCa0/hqdefault.jpg,New Xbox Game Pass Games To Play In 2022
https://i.ytimg.com/vi/jZe_mY01rkw/hqdefault.jpg,Double Flatbed Trailer Truck vs speed bumps|Busses vs speed bumps|Beamng Drive|195
https://i.ytimg.com/vi/HIQLDqLOZvo/hqdefault.jpg,Double Flatbed Trailer Truck vs speed bumps|Busses vs speed bumps|Beamng Drive|194
https://i.ytimg.com/vi/ZEaVvnXtwPI/hqdefault.jpg,Double Flatbed Trailer Truck vs speed bumps|Busses vs speed bumps|Beamng Drive|193
https://i.ytimg.com/vi/Gyw7OSoYVs4/hqdefault.jpg,Double Flatbed Trailer Truck vs speed bumps|Busses vs speed bumps|Beamng Drive|192
https://i.ytimg.com/vi/epeG5rj1f9Q/hqdefault.jpg,Double Flatbed Trailer Truck vs speed bumps|Busses vs speed bumps|Beamng Drive|191
https://i.ytimg.com/vi/kQBGBKT4muo/hqdefault.jpg,Full Match : Liverpool vs Villarreal | Uefa Champions League SEMI-FINAL from ANFIELD | FIFA22
https://i.ytimg.com/vi/5f9tLacX7VE/hqdefault.jpg,Full Match : Manchester City vs Real Madrid | UEFA Champions League Semi-final | Fifa22 Gameplay
https://i.ytimg.com/vi/KJLppaGgFOg/hqdefault.jpg,Uncharted4: A Theifs End | Story Mode | PS5 Gameplay | Part2
https://i.ytimg.com/vi/7Gq37WZq-Ds/hqdefault.jpg,IPL Hyderabad vs Gujrat | GT LOSE BY 6 runs | SRH vs Gujrat | Tata IPLT20 | Cricket22
https://i.ytimg.com/vi/Hm7pvkTtaH0/hqdefault.jpg,Highlights | Liverpool vs Villarreal | UEFA Champions League 2022 - Semifinal  | Fifa22 Gameplay
https://i.ytimg.com/vi/O4pN0OFYnuU/hqdefault.jpg,Halo Infinite Season 2 Battle Pass in 2 Minutes
https://i.ytimg.com/vi/dsoEWNJLLnM/hqdefault.jpg,Honkai: Star Rail - Official Closed Beta Trailer
https://i.ytimg.com/vi/pst5Yz_LEwA/hqdefault.jpg,Is Dreamlight Valley Disney's Answer to Animal Crossing? - IGN Daily Fix
https://i.ytimg.com/vi/49GleVdTNBw/hqdefault.jpg,Halo Infinite Season 2 - Full Community Presentation
https://i.ytimg.com/vi/tDIM727tlzQ/hqdefault.jpg,Moon Knight Episode 5 Review
https://i.ytimg.com/vi/t1akqJxrR1o/hqdefault.jpg,Aaao Rush Kre #bgmi #omgakash #pubg
https://i.ytimg.com/vi/SY0GhHdvAeU/hqdefault.jpg,AAO CHILL KRE #bgmi #omgakash #pubg
https://i.ytimg.com/vi/nJal-zmI4sM/hqdefault.jpg,NO TITLE STREAM #bgmi #omgakash #pubg
https://i.ytimg.com/vi/LFaMfAhxmxY/hqdefault.jpg,khooni MONDAY stream #bgmi #omgakash #pubg
https://i.ytimg.com/vi/VoZubfFswV0/hqdefault.jpg,SUNDAY CHILL IN BGMI #bgmi #omgakash #pubg
https://i.ytimg.com/vi/oaU4f6mzppU/hqdefault.jpg,Diablo IV | Quarterly Update - Desert Field Recording Session
https://i.ytimg.com/vi/WvXKYrbOBlQ/hqdefault.jpg,Diablo IV | Quarterly Update - Gore Studio Recording Session
https://i.ytimg.com/vi/9fJBEl96lic/hqdefault.jpg,Diablo IV | Quarterly Update - Environmental Art
https://i.ytimg.com/vi/A_pvPNxZSH0/hqdefault.jpg,Diablo | Celebrating 25 Years
https://i.ytimg.com/vi/bbr-QFI7BMw/hqdefault.jpg,Burning Pentagram Yule Log (4 Hours) - Hell at Home in Full HD [Hail Diablo]
https://i.ytimg.com/vi/mDnQeg7oJas/hqdefault.jpg,Gran Turismo 7 - Patch 1.13 Trailer | PS5 & PS4
https://i.ytimg.com/vi/4MQg2N8BLFc/hqdefault.jpg,"Sonic Origins-Announce Trailer| PS5, PS4"
https://i.ytimg.com/vi/IhnrBSmBqjY/hqdefault.jpg,F1 22 - Announce Trailer | PS5 & PS4 Games
https://i.ytimg.com/vi/w9QhTuGxeIY/hqdefault.jpg,"Asterigos: Curse of the Stars - Gameplay Trailer | PS4, PS5"
https://i.ytimg.com/vi/dN8R4rsSyRA/hqdefault.jpg,Returnal - The Music of Ascension | PS5
https://i.ytimg.com/vi/JjS5-BJYj2k/hqdefault.jpg,Gameweek 35 Weekly Monster Selection | ‚Ç¨2 / ‚Ç¨7K;  ‚Ç¨20 / ‚Ç¨30K | FanTeam 2021/22
https://i.ytimg.com/vi/i4oShspNJzU/hqdefault.jpg,Burning Questions Gameweek 35 | Gameweek 35 | Burning Questions | FPL 2021/22
https://i.ytimg.com/vi/pvKg4MsV2VI/hqdefault.jpg,What To Do With Spurs? | Gianni Team Selection | Gameweek 35 | FPL 2021/22
https://i.ytimg.com/vi/4ZCtJIZfwjU/hqdefault.jpg,Difference Makers | Scoutcast | FPL 2021/22 | GW35
https://i.ytimg.com/vi/0P6OeX-wbd0/hqdefault.jpg,Spurs On The Radar | GW35 Captaincy | FPL 2021/22
https://i.ytimg.com/vi/FUUhY-bIobw/hqdefault.jpg,Navigating Mental Health with Shine App Founders Marah Lidey & Naomi Hirabayashi: Generation Play
https://i.ytimg.com/vi/DFcZNu8T7JY/hqdefault.jpg,Navigating Mental Health with Shine App Founders Marah Lidey & Naomi Hirabayashi: Generation Play
https://i.ytimg.com/vi/ctgkcAtmG7A/hqdefault.jpg,Destigmatizing Debt with App Developer Nate Washington: Generation Play
https://i.ytimg.com/vi/iTY30QapBN8/hqdefault.jpg,Destigmatizing Debt with App Developer Nate Washington: Generation Play
https://i.ytimg.com/vi/TqkKjtp34Jg/hqdefault.jpg,Google Play Games Beta
https://i.ytimg.com/vi/t36b47UHSpE/hqdefault.jpg,Elden Ring wants you to stop hitting yourself
https://i.ytimg.com/vi/EEpRpDAhk8M/hqdefault.jpg,The true story behind BioShock Infinite's Bread Boy
https://i.ytimg.com/vi/KDx0YkSjk3A/hqdefault.jpg,Ben Schwartz from Sonic the Hedgehog 2 being totally normal for 14 minutes straight
https://i.ytimg.com/vi/_9MQe7tR5xQ/hqdefault.jpg,Why Margit is so good at killing you in Elden Ring
https://i.ytimg.com/vi/SlWgQ3YlKps/hqdefault.jpg,Video game walks are the most important thing that you don't notice
https://i.ytimg.com/vi/U5uVjoqSa94/hqdefault.jpg,Bunker - Hero Reveal
https://i.ytimg.com/vi/lbvoPxFwsAI/hqdefault.jpg,Bugsnax Launch Trailer
https://i.ytimg.com/vi/R6U4g0KdNMU/hqdefault.jpg,Spellforce III Reforced - Journey Mode Trailer
https://i.ytimg.com/vi/ZCjMB_dRqqE/hqdefault.jpg,Controllers that look good enough to eat (but don't eat them).
https://i.ytimg.com/vi/LnjjZmCNcoA/hqdefault.jpg,Disney Dreamlight Valley - Announcement Trailer
https://i.ytimg.com/vi/rUQ1hBxy0XY/hqdefault.jpg,Summer Game Fest: Live PS5 Event Coverage Today!
https://i.ytimg.com/vi/BeLS5mFvxlw/hqdefault.jpg,"E3 Coliseum 2019 Day 3: Thursday with Justin Roiland, The Outer Worlds And More"
https://i.ytimg.com/vi/hjw5hJznXNE/hqdefault.jpg,The Cast and Developers of Afterparty | E3 Coliseum 2019 Panel
https://i.ytimg.com/vi/lsSubs6uDpQ/hqdefault.jpg,The Outer Worlds: An Inside Look | E3 Coliseum 2019 Panel
https://i.ytimg.com/vi/EDI75l69lz8/hqdefault.jpg,Ancestors: The Humankind Odyssey Behind the Scenes | E3 Coliseum 2019 Panel
https://i.ytimg.com/vi/FUSnZw_v308/hqdefault.jpg,Total War: Warhammer 3 REVIEW - Best Creative Assembly Game Yet?
https://i.ytimg.com/vi/eaGGm-n80OI/hqdefault.jpg,BIOMUTANT: Charm vs Repetition - REVIEW
https://i.ytimg.com/vi/IVsWTjyQNzs/hqdefault.jpg,Monster Train: All Aboard! - REVIEW
https://i.ytimg.com/vi/N9-uCOQYskU/hqdefault.jpg,Crucible: Total Mess or Salvageable? - REVIEW
https://i.ytimg.com/vi/OjpcpR9OOpI/hqdefault.jpg,Total War: Warhammer 2 in 2020? - REVIEW
https://i.ytimg.com/vi/SYWpwfkNI6M/hqdefault.jpg,Bugsnax Nintendo Switch Review - Is It Worth It?
https://i.ytimg.com/vi/YxbWjA0BOjs/hqdefault.jpg,The Stanley Parable: Ultra Deluxe Nintendo Switch Review - Is It Worth It?
https://i.ytimg.com/vi/9pu5z6vHRFc/hqdefault.jpg,Where's Our Nintendo Switch Sports Review?
https://i.ytimg.com/vi/DfmKNT5JkwI/hqdefault.jpg,Why the Switch Won Me Over
https://i.ytimg.com/vi/Ad-bUe44858/hqdefault.jpg,Wii Sports - What Makes It Iconic?
https://i.ytimg.com/vi/aGUeMfe7uP0/hqdefault.jpg,The Wolf Is Back - Behind the Scenes of The Wolf Among Us 2 (OFFICIAL)
https://i.ytimg.com/vi/UkXwW5H28m0/hqdefault.jpg,The Wolf Among Us 2 - OFFICIAL Full Trailer (2022)
https://i.ytimg.com/vi/13h1mxJUZjc/hqdefault.jpg,The Expanse: A Telltale Series Announcement Trailer
https://i.ytimg.com/vi/wd54AO-JIDw/hqdefault.jpg,Wallace & Gromit's Grand Adventures (2020 re-release)
https://i.ytimg.com/vi/IL2NUTDq6dQ/hqdefault.jpg,Telltale Texas Hold‚ÄôEm is back!
https://i.ytimg.com/vi/LKtpLtjgL_Y/hqdefault.jpg,Community Spotlight w/ Ghostinthesim‚Äã
https://i.ytimg.com/vi/qyRpILAMXQc/hqdefault.jpg,Community Spotlight w/ GIANTS Partner @FSClub
https://i.ytimg.com/vi/CaRZeQWk0H0/hqdefault.jpg,üë®‚Äçüåæ Precision Farming Free DLC - Get Sustainable in Farming Simulator 22!
https://i.ytimg.com/vi/3scKaM5_5JE/hqdefault.jpg,Free Content Update #3 for Farming Simulator 22!
https://i.ytimg.com/vi/KXSuG7yYOB4/hqdefault.jpg,Community Spotlight w/ GIANTS Partner @MrSealyp
https://i.ytimg.com/vi/0nZlih_9l_g/hqdefault.jpg,Can We Dethrone The Current Rank 1??
https://i.ytimg.com/vi/lzJzsnkb_oc/hqdefault.jpg,Is Demon Hunter Good Enough For Rank 1!?
https://i.ytimg.com/vi/pdXdfsctWgU/hqdefault.jpg,Will We Ever Escape Rank 3!?
https://i.ytimg.com/vi/-kZIwfxL7Fk/hqdefault.jpg,We Are Getting SO CLOSE Now!!
https://i.ytimg.com/vi/KLks9bYfOuk/hqdefault.jpg,The Climb Continues With DEMON HUNTER!!
https://i.ytimg.com/vi/rMXLbBXWmXU/hqdefault.jpg,Angels of the Zariman: Patch Notes & Launch Stream!
https://i.ytimg.com/vi/0n6f--mi02A/hqdefault.jpg,Warframe | Official Gameplay Trailer | Angels of the Zariman - Available Now On All Platforms
https://i.ytimg.com/vi/apk9UW8fAVc/hqdefault.jpg,Recovered Zariman Log 4: LOG_Z10_4_S-624ST
https://i.ytimg.com/vi/6eJQF_Hy5LI/hqdefault.jpg,Recovered Zariman Log 3: LOG_Z10_3_S-624ST
https://i.ytimg.com/vi/-L5G9lboIwE/hqdefault.jpg,Recoverd Zariman Log 2: LOG_Z10_2_S-624ST
https://i.ytimg.com/vi/cy2VGZbupxc/hqdefault.jpg,"""Voices from DARPA"" Podcast, Episode 55: Sensorized Prosthetics"
https://i.ytimg.com/vi/goOpyrRdda8/hqdefault.jpg,"""Voices from DARPA"" Podcast, Episode 54: Climate Tipping Points"
https://i.ytimg.com/vi/x2LObjcme1g/hqdefault.jpg,"""Voices From DARPA"" Podcast, Episode 53: So, You Want to Become a DARPA Program Manager?"
https://i.ytimg.com/vi/IPvP-4xT5Q8/hqdefault.jpg,DARPA 2021 Year In Review
https://i.ytimg.com/vi/u3s31SUSOrs/hqdefault.jpg,Manta Ray ‚Äì Breaking the UUV mold
https://i.ytimg.com/vi/r7Y_Oqx9n7U/hqdefault.jpg,QUAKECON 2016 QUAKEWORLD 2ON2 MOVIE
https://i.ytimg.com/vi/DiujnShjAbk/hqdefault.jpg,QUAKECON 2016 GRAND FINAL MOVIE
https://i.ytimg.com/vi/2T2mhSFRRMg/hqdefault.jpg,Quakecon Quakeworld 2on2 Frag Video
https://i.ytimg.com/vi/nzbgqhw0gyw/hqdefault.jpg,Quakecon 2016 Quake Live Frag Video
https://i.ytimg.com/vi/8--FybgMgto/hqdefault.jpg,"Rapha vs Evil - QL Duel, Grand Final (QuakeCon 2016)"
https://i.ytimg.com/vi/o_y5du0qlI4/hqdefault.jpg,"The State of Unreal Livestream (Tuesday, 11a ET / 8a PT)"
https://i.ytimg.com/vi/mCSVQtQlaC8/hqdefault.jpg,ELDEN RING: Launch Trailer
https://i.ytimg.com/vi/CANTOmhRrJo/hqdefault.jpg,STREET FIGHTER 6 Teaser Trailer
https://i.ytimg.com/vi/PYdZoqJmp2k/hqdefault.jpg,"The Wolf Among Us 2: Trailer Reveal Livestream (Wed, 10AM PT)"
https://i.ytimg.com/vi/pNwWA_aY_7w/hqdefault.jpg,THE WOLF AMONG US 2 Trailer (Coming in 2023)
https://i.ytimg.com/vi/7K7FfvsqNT0/hqdefault.jpg,Golf Gang Date Reveal Trailer | Curve Games
https://i.ytimg.com/vi/Cvk4aizQfR0/hqdefault.jpg,Lawn Mowing Simulator ‚Äì Out Now on PlayStation!
https://i.ytimg.com/vi/gEC7_uXj9nY/hqdefault.jpg,The Ascent | Out Now on PlayStation!
https://i.ytimg.com/vi/cl_4cvgkwjY/hqdefault.jpg,Human: Fall Flat RED ROCK Launch Trailer ‚Äì OUT NOW on PC | Curve Games
https://i.ytimg.com/vi/36C9bYbejOQ/hqdefault.jpg,Golf Gang Announcement Trailer | Curve Games
https://i.ytimg.com/vi/eq0_kSginFE/hqdefault.jpg,FREEFIRE  LIVE STREAM
https://i.ytimg.com/vi/XUOi_Kj_e7E/hqdefault.jpg,HAY DAY LIVE STREAM PART 3
https://i.ytimg.com/vi/bOdl7-VPrgw/hqdefault.jpg,FREEFIRE LIVE STREAM PART 3
https://i.ytimg.com/vi/gxcH6Rf5kz8/hqdefault.jpg,FREEFIRE LIVE STREAM PART 3
https://i.ytimg.com/vi/U2VShjCR9_A/hqdefault.jpg,HAY DAY LIVE STREAM PART 3
https://i.ytimg.com/vi/3mlPhhWm5_A/hqdefault.jpg,Terraria ‚Äì 1.4.3 Trailer (ESRB)
https://i.ytimg.com/vi/oUwVxGRYPWs/hqdefault.jpg,Rogue Spirit - A Journey Through Midra: Episode 4
https://i.ytimg.com/vi/BtBinpTH9N0/hqdefault.jpg,Stray Blade Combat Trailer 2 & Beta Registration (ESRB)
https://i.ytimg.com/vi/Ra4kyK4CF3c/hqdefault.jpg,Community Q&A with KOJIMA PRODUCTIONS' Hideo Kojima and Yoji Shinkawa
https://i.ytimg.com/vi/69GNCqc_8IA/hqdefault.jpg,Bloodstained: Ritual of the Night - Child of Light - Gameplay Trailer
